{
  "hash": "73eea17b",
  "configHash": "7b5ff66b",
  "lockfileHash": "46500de0",
  "browserHash": "1493e234",
  "optimized": {
    "@angular/common": {
      "src": "../../../../../../node_modules/@angular/common/fesm2022/common.mjs",
      "file": "@angular_common.js",
      "fileHash": "00d2f53f",
      "needsInterop": false
    },
    "@angular/core": {
      "src": "../../../../../../node_modules/@angular/core/fesm2022/core.mjs",
      "file": "@angular_core.js",
      "fileHash": "f374218d",
      "needsInterop": false
    },
    "@angular/forms": {
      "src": "../../../../../../node_modules/@angular/forms/fesm2022/forms.mjs",
      "file": "@angular_forms.js",
      "fileHash": "2a754f09",
      "needsInterop": false
    },
    "@angular/platform-browser": {
      "src": "../../../../../../node_modules/@angular/platform-browser/fesm2022/platform-browser.mjs",
      "file": "@angular_platform-browser.js",
      "fileHash": "b878148e",
      "needsInterop": false
    },
    "@angular/router": {
      "src": "../../../../../../node_modules/@angular/router/fesm2022/router.mjs",
      "file": "@angular_router.js",
      "fileHash": "4e509025",
      "needsInterop": false
    },
    "@ionic/angular": {
      "src": "../../../../../../node_modules/@ionic/angular/fesm2022/ionic-angular.mjs",
      "file": "@ionic_angular.js",
      "fileHash": "31798a93",
      "needsInterop": false
    },
    "@ionic/angular/standalone": {
      "src": "../../../../../../node_modules/@ionic/angular/fesm2022/ionic-angular-standalone.mjs",
      "file": "@ionic_angular_standalone.js",
      "fileHash": "e5212b83",
      "needsInterop": false
    },
    "@supabase/supabase-js": {
      "src": "../../../../../../node_modules/@supabase/supabase-js/dist/module/index.js",
      "file": "@supabase_supabase-js.js",
      "fileHash": "33012162",
      "needsInterop": false
    },
    "zone.js": {
      "src": "../../../../../../node_modules/zone.js/fesm2015/zone.js",
      "file": "zone__js.js",
      "fileHash": "457a1f0d",
      "needsInterop": true
    }
  },
  "chunks": {
    "focus-visible-ZJLO4HCS": {
      "file": "focus-visible-ZJLO4HCS.js"
    },
    "browser-HVBVTAGR": {
      "file": "browser-HVBVTAGR.js"
    },
    "ion-textarea.entry-NMFIG7RJ": {
      "file": "ion-textarea__entry-NMFIG7RJ.js"
    },
    "ion-toast.entry-DZ6RNZ7O": {
      "file": "ion-toast__entry-DZ6RNZ7O.js"
    },
    "ion-toggle.entry-3PL7C2DM": {
      "file": "ion-toggle__entry-3PL7C2DM.js"
    },
    "swipe-back-5BJNMBGE": {
      "file": "swipe-back-5BJNMBGE.js"
    },
    "keyboard-7A4CHIPM": {
      "file": "keyboard-7A4CHIPM.js"
    },
    "index7-FVD5KMHD": {
      "file": "index7-FVD5KMHD.js"
    },
    "status-tap-NZYSJO2K": {
      "file": "status-tap-NZYSJO2K.js"
    },
    "input-shims-YX45KCLM": {
      "file": "input-shims-YX45KCLM.js"
    },
    "ion-segment_2.entry-JFO5SCJ6": {
      "file": "ion-segment_2__entry-JFO5SCJ6.js"
    },
    "ion-select-modal.entry-7YXBHA77": {
      "file": "ion-select-modal__entry-7YXBHA77.js"
    },
    "ion-select_3.entry-3QVM4QOE": {
      "file": "ion-select_3__entry-3QVM4QOE.js"
    },
    "ion-spinner.entry-ALVOSDJJ": {
      "file": "ion-spinner__entry-ALVOSDJJ.js"
    },
    "ion-split-pane.entry-VRTQ55QZ": {
      "file": "ion-split-pane__entry-VRTQ55QZ.js"
    },
    "ion-tab-bar_2.entry-6KB4G7TA": {
      "file": "ion-tab-bar_2__entry-6KB4G7TA.js"
    },
    "ion-tab_2.entry-D7RKUFYA": {
      "file": "ion-tab_2__entry-D7RKUFYA.js"
    },
    "ion-text.entry-4KUBENLH": {
      "file": "ion-text__entry-4KUBENLH.js"
    },
    "ion-range.entry-D7TYRTSU": {
      "file": "ion-range__entry-D7TYRTSU.js"
    },
    "ion-refresher_2.entry-YKRLZGVE": {
      "file": "ion-refresher_2__entry-YKRLZGVE.js"
    },
    "chunk-IQ6LYDUO": {
      "file": "chunk-IQ6LYDUO.js"
    },
    "ion-reorder_2.entry-PR4ACBC7": {
      "file": "ion-reorder_2__entry-PR4ACBC7.js"
    },
    "ion-ripple-effect.entry-Y5Y7LK3M": {
      "file": "ion-ripple-effect__entry-Y5Y7LK3M.js"
    },
    "ion-route_4.entry-3G4VWNAX": {
      "file": "ion-route_4__entry-3G4VWNAX.js"
    },
    "ion-searchbar.entry-VPO6V5RI": {
      "file": "ion-searchbar__entry-VPO6V5RI.js"
    },
    "ion-segment-content.entry-C7B5BEPR": {
      "file": "ion-segment-content__entry-C7B5BEPR.js"
    },
    "ion-segment-view.entry-4FDEHHB5": {
      "file": "ion-segment-view__entry-4FDEHHB5.js"
    },
    "ion-modal.entry-RIK27Q5H": {
      "file": "ion-modal__entry-RIK27Q5H.js"
    },
    "ion-nav_2.entry-A2AB7BOM": {
      "file": "ion-nav_2__entry-A2AB7BOM.js"
    },
    "ion-picker-column-option.entry-W7EROJ4L": {
      "file": "ion-picker-column-option__entry-W7EROJ4L.js"
    },
    "ion-picker-column.entry-B2YDDZ3K": {
      "file": "ion-picker-column__entry-B2YDDZ3K.js"
    },
    "ion-picker.entry-LAIP372F": {
      "file": "ion-picker__entry-LAIP372F.js"
    },
    "ion-popover.entry-2P5SIDDU": {
      "file": "ion-popover__entry-2P5SIDDU.js"
    },
    "ion-progress-bar.entry-7JYNBSWV": {
      "file": "ion-progress-bar__entry-7JYNBSWV.js"
    },
    "ion-radio_2.entry-6SJE7G25": {
      "file": "ion-radio_2__entry-6SJE7G25.js"
    },
    "chunk-DUS7TJXU": {
      "file": "chunk-DUS7TJXU.js"
    },
    "ion-infinite-scroll_2.entry-DEOMGPEN": {
      "file": "ion-infinite-scroll_2__entry-DEOMGPEN.js"
    },
    "ion-input-otp.entry-G7KIW2XN": {
      "file": "ion-input-otp__entry-G7KIW2XN.js"
    },
    "ion-input-password-toggle.entry-ATILGNFW": {
      "file": "ion-input-password-toggle__entry-ATILGNFW.js"
    },
    "ion-input.entry-ZHEARDWP": {
      "file": "ion-input__entry-ZHEARDWP.js"
    },
    "chunk-Y2C57RSK": {
      "file": "chunk-Y2C57RSK.js"
    },
    "chunk-RQKPUMU2": {
      "file": "chunk-RQKPUMU2.js"
    },
    "ion-item-option_3.entry-N6RWLLZR": {
      "file": "ion-item-option_3__entry-N6RWLLZR.js"
    },
    "chunk-PRAAB5MU": {
      "file": "chunk-PRAAB5MU.js"
    },
    "ion-item_8.entry-EORQP7LM": {
      "file": "ion-item_8__entry-EORQP7LM.js"
    },
    "ion-loading.entry-VPV5VOSL": {
      "file": "ion-loading__entry-VPV5VOSL.js"
    },
    "ion-menu_3.entry-5NOEGTGE": {
      "file": "ion-menu_3__entry-5NOEGTGE.js"
    },
    "ion-card_5.entry-FLDYKVGC": {
      "file": "ion-card_5__entry-FLDYKVGC.js"
    },
    "ion-checkbox.entry-XAC4V6Y5": {
      "file": "ion-checkbox__entry-XAC4V6Y5.js"
    },
    "ion-chip.entry-ZPG7XPFY": {
      "file": "ion-chip__entry-ZPG7XPFY.js"
    },
    "ion-col_3.entry-QTBQVHPV": {
      "file": "ion-col_3__entry-QTBQVHPV.js"
    },
    "ion-datetime-button.entry-BIRAQOYI": {
      "file": "ion-datetime-button__entry-BIRAQOYI.js"
    },
    "ion-datetime_3.entry-O6ODNRNI": {
      "file": "ion-datetime_3__entry-O6ODNRNI.js"
    },
    "chunk-K5DJF43E": {
      "file": "chunk-K5DJF43E.js"
    },
    "ion-fab_3.entry-DCEWVMY2": {
      "file": "ion-fab_3__entry-DCEWVMY2.js"
    },
    "ion-img.entry-2OQ4MXO2": {
      "file": "ion-img__entry-2OQ4MXO2.js"
    },
    "focus-visible-BmVRXR1y-JRKES6T3": {
      "file": "focus-visible-BmVRXR1y-JRKES6T3.js"
    },
    "chunk-TIUXP7W2": {
      "file": "chunk-TIUXP7W2.js"
    },
    "swipe-back-B2YfOHRM-JRMZLZQP": {
      "file": "swipe-back-B2YfOHRM-JRMZLZQP.js"
    },
    "ion-app_8.entry-WNXUZ24H": {
      "file": "ion-app_8__entry-WNXUZ24H.js"
    },
    "chunk-52LWAYSU": {
      "file": "chunk-52LWAYSU.js"
    },
    "chunk-ASZYYRX2": {
      "file": "chunk-ASZYYRX2.js"
    },
    "ion-avatar_3.entry-VWVHSWIW": {
      "file": "ion-avatar_3__entry-VWVHSWIW.js"
    },
    "ion-back-button.entry-NHQR74OF": {
      "file": "ion-back-button__entry-NHQR74OF.js"
    },
    "ion-backdrop.entry-GEFVEFXX": {
      "file": "ion-backdrop__entry-GEFVEFXX.js"
    },
    "ion-breadcrumb_2.entry-L32FUPRG": {
      "file": "ion-breadcrumb_2__entry-L32FUPRG.js"
    },
    "ion-button_2.entry-THSQK56N": {
      "file": "ion-button_2__entry-THSQK56N.js"
    },
    "ion-action-sheet.entry-YVETJCX7": {
      "file": "ion-action-sheet__entry-YVETJCX7.js"
    },
    "ion-alert.entry-NH2QR5O7": {
      "file": "ion-alert__entry-NH2QR5O7.js"
    },
    "chunk-3ZYEO4JM": {
      "file": "chunk-3ZYEO4JM.js"
    },
    "chunk-5BLHIBT2": {
      "file": "chunk-5BLHIBT2.js"
    },
    "chunk-6OCSM2JO": {
      "file": "chunk-6OCSM2JO.js"
    },
    "ios.transition-eAEkgVAv-MZPCKSUR": {
      "file": "ios__transition-eAEkgVAv-MZPCKSUR.js"
    },
    "md.transition-D8TeJ_Pz-PXPI4G7V": {
      "file": "md__transition-D8TeJ_Pz-PXPI4G7V.js"
    },
    "index-C6WeRr09-LK4D7WLT": {
      "file": "index-C6WeRr09-LK4D7WLT.js"
    },
    "status-tap-pATNXEtr-U4C2LFWE": {
      "file": "status-tap-pATNXEtr-U4C2LFWE.js"
    },
    "input-shims-C4KDnhxb-SJ7BQUGN": {
      "file": "input-shims-C4KDnhxb-SJ7BQUGN.js"
    },
    "chunk-HDYV65WC": {
      "file": "chunk-HDYV65WC.js"
    },
    "keyboard-ywgs5efA-LTJYBASV": {
      "file": "keyboard-ywgs5efA-LTJYBASV.js"
    },
    "chunk-MHUUFET6": {
      "file": "chunk-MHUUFET6.js"
    },
    "chunk-FZXSIECO": {
      "file": "chunk-FZXSIECO.js"
    },
    "chunk-S3USP37R": {
      "file": "chunk-S3USP37R.js"
    },
    "ios.transition-AJYNDNE7": {
      "file": "ios__transition-AJYNDNE7.js"
    },
    "md.transition-XNTUIM5V": {
      "file": "md__transition-XNTUIM5V.js"
    },
    "index3-SFS5DVCH": {
      "file": "index3-SFS5DVCH.js"
    },
    "hardware-back-button-JI4653ML": {
      "file": "hardware-back-button-JI4653ML.js"
    },
    "ion-accordion_2.entry-ZDPFV2BY": {
      "file": "ion-accordion_2__entry-ZDPFV2BY.js"
    },
    "chunk-IUTD4BIB": {
      "file": "chunk-IUTD4BIB.js"
    },
    "index-CfgBF1SE-MYJO3YXK": {
      "file": "index-CfgBF1SE-MYJO3YXK.js"
    },
    "hardware-back-button-Dhbd-23H-6BNHREIT": {
      "file": "hardware-back-button-Dhbd-23H-6BNHREIT.js"
    },
    "chunk-HLQZOKOY": {
      "file": "chunk-HLQZOKOY.js"
    },
    "chunk-UXVHXA6U": {
      "file": "chunk-UXVHXA6U.js"
    },
    "chunk-FFWQHCDV": {
      "file": "chunk-FFWQHCDV.js"
    },
    "chunk-3GD2IYN2": {
      "file": "chunk-3GD2IYN2.js"
    },
    "chunk-4HTWBAZ7": {
      "file": "chunk-4HTWBAZ7.js"
    },
    "chunk-ZZ56WVJD": {
      "file": "chunk-ZZ56WVJD.js"
    },
    "chunk-SIDTLZ7F": {
      "file": "chunk-SIDTLZ7F.js"
    },
    "chunk-6KASIHSQ": {
      "file": "chunk-6KASIHSQ.js"
    },
    "chunk-DL74RV4V": {
      "file": "chunk-DL74RV4V.js"
    },
    "chunk-IU3E5JC3": {
      "file": "chunk-IU3E5JC3.js"
    },
    "chunk-V6Z424UO": {
      "file": "chunk-V6Z424UO.js"
    },
    "chunk-MSG63XWT": {
      "file": "chunk-MSG63XWT.js"
    },
    "chunk-HF6JRKPI": {
      "file": "chunk-HF6JRKPI.js"
    },
    "chunk-EUCMK3VJ": {
      "file": "chunk-EUCMK3VJ.js"
    },
    "chunk-63QXIWRZ": {
      "file": "chunk-63QXIWRZ.js"
    },
    "chunk-LCMILTBF": {
      "file": "chunk-LCMILTBF.js"
    },
    "chunk-I5BEMO25": {
      "file": "chunk-I5BEMO25.js"
    },
    "chunk-ZDOK24V7": {
      "file": "chunk-ZDOK24V7.js"
    },
    "chunk-ZQ23UST6": {
      "file": "chunk-ZQ23UST6.js"
    },
    "chunk-X42DJECR": {
      "file": "chunk-X42DJECR.js"
    },
    "chunk-YGFGSQAM": {
      "file": "chunk-YGFGSQAM.js"
    },
    "chunk-OC3GJUXQ": {
      "file": "chunk-OC3GJUXQ.js"
    },
    "chunk-NYQO4H2C": {
      "file": "chunk-NYQO4H2C.js"
    },
    "chunk-55VYQ6NC": {
      "file": "chunk-55VYQ6NC.js"
    },
    "chunk-T2DCU4CJ": {
      "file": "chunk-T2DCU4CJ.js"
    },
    "chunk-4KGGIKOT": {
      "file": "chunk-4KGGIKOT.js"
    },
    "chunk-AGQT5PKO": {
      "file": "chunk-AGQT5PKO.js"
    },
    "chunk-5XABBI3N": {
      "file": "chunk-5XABBI3N.js"
    },
    "chunk-H2RFT6U5": {
      "file": "chunk-H2RFT6U5.js"
    },
    "chunk-IZ6MSXLE": {
      "file": "chunk-IZ6MSXLE.js"
    },
    "chunk-QEE7QVES": {
      "file": "chunk-QEE7QVES.js"
    },
    "chunk-ZX72GS7T": {
      "file": "chunk-ZX72GS7T.js"
    },
    "chunk-Y7SWRKNS": {
      "file": "chunk-Y7SWRKNS.js"
    },
    "chunk-HG3ZVGWC": {
      "file": "chunk-HG3ZVGWC.js"
    },
    "chunk-Q4TYBOXZ": {
      "file": "chunk-Q4TYBOXZ.js"
    },
    "chunk-4H423RS3": {
      "file": "chunk-4H423RS3.js"
    },
    "chunk-IHLM5LGV": {
      "file": "chunk-IHLM5LGV.js"
    },
    "chunk-YBWKDK6H": {
      "file": "chunk-YBWKDK6H.js"
    },
    "chunk-BGWCTVHG": {
      "file": "chunk-BGWCTVHG.js"
    }
  }
}